distance,struct1,struct2
5.773598419670357,4U1X_B,5IDE_D
4.881815276335228,2AKI_Y,2AKH_B
4.712967870361307,5IPT_B,5IPT_D
4.558811677868602,6MMV_A,5IPQ_A
4.204081176511162,7E7I_A,7LKZ_A
4.134919087630722,5MG3_Y,3J46_y
4.117706477801521,5TTP_A,3B60_C
3.994583815508692,4KSC_A,6S7P_A
3.737422042095566,6XMU_A,6XMS_A
3.4135204626589406,6BAU_C,6XWR_A
3.311136800542724,6RAG_A,6RAH_A
3.22262396577516,6C6L_A,5VOX_b
3.2010257487783638,6LY9_N,5Y5Z_N
3.149848609593406,6NC7_A,6NC9_A
3.1188158589575323,4B03_A,4C2I_C
3.0725922180267338,6PKX_A,6DRJ_D
3.0268671557397497,6MHW_B,7RAS_B
3.0214257246662406,3JAV_C,7LHF_D
3.01779223533335,6QV1_B,4Q4A_B
3.0077177158000152,7KB5_A,7KAI_A
2.9439282301971943,5GZR_B,6ZQJ_G
2.9007660740882053,5C78_A,6HRC_D
2.8945867539950303,5WO8_A,5WO9_A
2.893456853036753,6RVX_A,6MPB_B
2.8901146492836642,6BTX_A,5AYM_A
2.8759194685191645,6RAJ_B,5MKK_B
2.85694306528951,3QF4_A,6QV1_C
2.8495650542532496,4CG6_A,3JC2_1
2.845547598598487,7FIJ_R,7FIH_R
2.831910359896685,6GCI_A,4C9J_B
2.8080051608357874,6X3E_A,6S3Q_A
2.6588664639896367,6BVG_A,5IWS_A
2.637109250121755,6O72_D,6O77_A
2.4934737565684255,6ZIU_a,5FIK_W
2.4726821638153913,7DQV_A,6A6N_A
2.396892475726771,5WEN_C,5WEO_A
2.3772729858131867,3VVS_A,6FHZ_A
2.369789330785508,6PUS_C,6MJ2_A
2.3642655216084827,7JLO_B,7JLQ_B
2.3469704072216193,5WJ9_A,5YE2_B
2.344687847067636,3PJZ_A,6V4J_A
2.3101087485940544,6XPD_B,6XPF_A
2.3002935472448285,6BWM_A,6U84_A
2.2903203966712473,7K8D_A,6AJF_A
2.2735186944037307,3J1Z_P,7KZX_B
2.2578459334168812,6GV1_A,6VS1_A
2.2532538182030355,5GXB_A,2V8N_A
2.2395547950913466,5OCH_F,7EHL_A
2.213348275169878,4EKW_D,6N4R_C
2.2082873184884435,5L24_A,5L2A_C
2.1970648297670943,7BH2_B,5MRW_F
2.1726217895189848,6QWJ_A,7DZ8_A
2.154683635101255,7DZ8_B,6QWJ_G
2.1508654486174574,6W2Y_B,7CA5_A
2.1297493122250515,7MTS_B,7EPA_B
2.1203454806168973,3IXZ_A,7EFL_A
2.1177916749042716,4M64_A,7L17_A
2.1005392974365957,6C3O_H,5TWV_F
2.070419671050671,7CA5_B,6UO8_B
2.061432945586502,3QE7_A,5XLS_A
2.0536294941430357,7N98_A,7MJS_X
2.0146294744286037,6D3R_A,6MSM_A
2.003625626196014,7BVC_B,7BWR_B
1.9962539813429243,7EVX_C,3WGU_A
1.9816539096744172,6PQO_C,6V9X_B
1.905179905626208,6E9N_B,6E9O_B
1.8994001830730312,6N3I_A,4QIQ_A
1.8793180039897561,1XIO_A,2M3G_A
1.875628295330818,2X79_A,2JLN_A
1.8713763533038277,5WP6_C,6BQV_C
1.869268369421628,7DD7_B,7DTW_A
1.8669740810519988,6D9W_A,6BU5_A
1.8631773620992291,6QPI_B,6P48_B
1.820034689512051,7B03_A,2L6X_A
1.8118396923747464,5BZ2_A,5BZ3_A
1.809706524624524,6PAQ_A,6VQU_B
1.8063599459410364,5XAR_D,5X9R_A
1.801608418847008,7OP8_A,7OP1_A
1.8009362880724649,4N7X_A,4N7W_A
1.7996630049664524,6LNU_D,6LNU_F
1.7957633587086448,7OH7_A,7OH6_A
1.7952816931916653,6QUE_B,6QTI_A
1.7949394671429788,3JC9_Ni,3JC8_Nk
1.7769217801844182,6Z4V_AAA,6ZIN_AAA
1.761572131986809,7E6U_C,7E6T_B
1.7610840885537056,6PQV_a,5T4P_K
1.7465470457781793,4CHV_C,6EO1_C
1.7401652009575628,7KOO_C,7KOX_C
1.7375219016491932,7MET_A,7MET_B
1.7198255845050379,5L75_G,6MHZ_G
1.714847201673347,7MDY_A,7ARH_C
1.7113328669204761,6D7T_D,6B5V_B
1.7029105554908912,4YB9_D,4YBQ_A
1.6941435801416398,6POJ_A,1IH5_A
1.6840869867602433,6Z5U_B,6IC4_H
1.6694161516126247,7DGE_B,7FD9_B
1.6621843270135712,6NP0_B,6HIN_C
1.660502088027599,3TT3_A,4MMF_B
1.659353663659016,5JSZ_H,6FNP_D
1.6385576006624378,4KI0_G,3FH6_I
1.6284725225220027,6K7M_A,6K7K_A
1.6245931045805455,3B4R_A,3B4R_B
1.5966242901006393,6E1P_B,6E1N_A
1.5909997040682957,6LKN_M,7BSQ_A
1.5881986052313668,6YP7_a,7EDA_A
1.5788723991811275,6YP7_d,7EDA_D
1.5776932940154411,3PUZ_F,3FH6_F
1.5605999944145725,7NP4_A,7NMN_A
1.5443528267371753,6R7Y_A,5OC9_B
1.5433373899221885,1IZL_C,6YP7_C
1.5341402104987951,7D7F_C,7D7F_D
1.5294817968368475,7DSN_B,6JMQ_A
1.5286732915740762,6AWP_A,6DZZ_A
1.525534337655044,6E0H_B,6DZ7_B
1.5205407524090706,6T7S_J,3W9I_F
1.5029620398199919,6BGJ_A,5OYB_A
1.49788206969073,5XNL_b,6YP7_B
1.492757908799787,7EGL_A,7CYE_C
1.488893625624325,6P2P_D,6VUM_C
1.4859535179054746,7EPC_B,7E9H_R
1.4708061621401969,3DQB_A,6OFJ_A
1.4511241272494042,6W5V_A,5JNX_A
1.445038057408393,6LN2_A,5NX2_A
1.4373866691552681,7BB7_A,7BB6_A
1.4358177185937406,5X0M_A,6NT3_A
1.4335207574995836,7JPL_A,3JBR_A
1.4334737083457612,4CZB_D,4D0A_B
1.4313450877232403,6R72_C,6R81_A
1.423472806915283,6FNP_A,6FNP_E
1.414568028347598,3K07_A,4DNR_A
1.404343898622426,7CKR_A,7DA5_A
1.4041898408311626,6VJZ_C,6VK0_C
1.3954633790347006,5VOY_R,6PE5_G
1.391299325698337,4UMV_A,4UMW_A
1.390147228439202,6T6V_A,6QQ6_A
1.3862491297011696,4WIT_A,6QMB_A
1.3747954192190688,6KHI_F,6L7O_F
1.3668814615688971,7AAQ_A,7AAR_A
1.3539063760227645,7KY7_A,7KY9_A
1.350598236540758,6NBQ_A,6L7O_A
1.3482492695661437,7PHP_A,3MKT_B
1.335996997504195,6UVT_B,2ZW3_A
1.3358483036906486,7L2S_B,3J5Q_D
1.3355640302661997,5FN5_B,6IYC_B
1.3284789283401826,6LI3_R,6LI2_A
1.323239660593421,4DBL_G,4R9U_B
1.3217784033422655,1BRD_A,1QM8_A
1.3183896004287896,4DOJ_A,4AIN_C
1.3171781834752105,5UAR_A,5W81_A
1.3129322595149278,3J7R_1,6FTJ_x
1.3039157306764975,6VOH_a,6VOL_a
1.291416015543208,6D9Z_A,6D79_A
1.2889066810957446,4S0F_B,6V9Z_B
1.285929328919304,7B9S_N,7NPV_D3
1.2825612940906006,6V38_A,6V3G_D
1.280055676597665,6JI1_B,4TPJ_B
1.2791803482295818,3JC9_Cb,3JC8_Ca
1.2763829689717736,5T4D_B,6A70_A
1.26708626785069,3H90_D,2QFI_B
1.2575414901233608,7CAG_B,7CAF_B
1.2539568440591249,7EKM_A,7EKL_A
1.253926900631967,4V4N_AX,2YXQ_A
1.247712532767578,5U6O_B,6UQF_B
1.2465868045458752,5Z10_B,6B3R_E
1.2461611425296346,7F1R_R,7F1T_A
1.246116161334023,6B73_A,4EA3_A
1.240521547073728,6RWY_a,6RWY_e
1.2271840062451405,6DMO_A,6N7G_E
1.2203267515578773,3J9U_a,5VOX_a
1.2177201248958809,5TGZ_A,5XR8_A
1.2107203469258443,6JPF_A,6MGW_B
1.1987028893760137,4PGU_A,6NQ9_C
1.190826473567221,6WHS_C,6CNA_A
1.1748386762263392,2YCY_A,6H7M_B
1.1738690709454476,6F2D_A,6F2D_E
1.1689101894806464,3VG9_A,5G53_A
1.166802281851994,5YHF_A,3AQP_B
1.1667981622546717,7L2N_D,7L2M_A
1.1662189320461973,6WTD_X,6CP7_X
1.1655648464448949,3NCY_A,3L1L_A
1.1614997713486437,5LNK_J,5LC5_J
1.1574769871621258,6AL2_A,5M5H_A
1.1563724115430092,6NPL_A,6NPL_B
1.1514551658034873,6UUS_R,7KNT_R
1.1476005689515008,5LQ3_B,5T0O_A
1.1426054051770773,5ZKQ_B,5ZKP_A
1.1308281704998029,6PW4_D,6PW5_C
1.1256785129507383,7DSV_A,7DSX_B
1.125328068281888,7CH6_B,6ZY4_H
1.1243878254194735,6PWC_R,3ZEV_B
1.1230118065324735,5V6P_B,6VJY_B
1.118935313024158,4RFS_T,4HZU_T
1.1094813728389554,3DHW_A,6CVL_A
1.106556828729931,7B0S_B,7B1G_C
1.0900867885414967,5YHL_A,7D7M_A
1.0888243248441396,4V9G_AL,1S00_R
1.087413233541173,2R4S_A,7DHR_R
1.0816549227851782,6PL5_A,6BAR_A
1.0783874124394117,4V9G_AM,1YST_M
1.0761232672544319,4CBF_C,4CBF_E
1.0727563140871963,6LAR_E,6SGX_C
1.0723745659135515,6WIK_A,6W4S_F
1.0715530774600448,6QVD_B,6COY_B
1.070463404254524,6M96_B,6OIH_C
1.065445483404183,4XDL_A,4BW5_A
1.0633656497405823,6XBY_a,6VQ8_a
1.0590477947965709,6RTC_A,6RTF_B
1.058660957437982,6L7O_D,6KHJ_D
1.0544270639467668,7KGH_A,7KGI_C
1.048179478150535,7CRH_R,7CKZ_R
1.0424867619011076,6KHJ_B,6L7P_B
1.0420182741037023,7M4Q_B,7M4Q_C
1.035147822305872,6M2L_A,6RW3_A
1.0315296567177286,3LUT_B,4JTC_H
1.0298287790924674,4QKX_A,7BVQ_B
1.0295488366795722,5KW2_A,5TZR_A
1.0164001388897792,2NRF_A,3UBB_A
1.012510166208385,6QC4_D5,6ZKB_L
1.0122262346550515,7K48_A,6P6W_A
1.0122172233487745,3JC8_Ok,3JC9_Oc
1.0080260536538073,5L7D_B,6D32_A
1.0054285218828225,7N4U_B,6V3F_A
1.0047500362769932,6BYO_A,6JPA_A
1.0042808435619555,5WUD_A,5WUE_A
1.0038914017333984,3UM7_B,7LJA_A
1.0008110199298388,5EE7_A,6KJV_B
0.9933297914199835,7AHD_A,7AHC_A
0.9876585113084279,5VOY_S,6O7V_o
0.9864819917497756,6C26_A,6EZN_F
0.9856664964910267,6BBH_C,6AKI_E
0.98328029432233,6GIQ_c,6HU9_c
0.9831681883087844,7C2E_R,6X19_R
0.9820116990372355,7AGX_1A,6Q14_4
0.9818930275580847,5JSZ_G,5D0Y_B
0.975151321937136,6VKT_C,6VKS_B
0.972557100732715,6MHZ_F,6MHU_F
0.9722214728757375,7DQK_A,7DQK_B
0.968798277247558,5L1D_A,5L1D_G
0.9667478239344285,5WF5_A,3EML_A
0.96496386638304,7NVG_F2,7E80_CE
0.958380252919655,5J7Y_BN,5Z62_A
0.9522976715261842,6VXH_B,6VXF_A
0.9521997653934727,6KRZ_C,6YXF_A
0.9483476815125198,2ZQP_Y,5AWW_Y
0.947191676915698,1ORQ_C,2A0L_B
0.940068386403131,7AIQ_A,7AIN_A
0.9358673081359863,6WBG_F,6WBI_F
0.9354163257264173,5GLI_A,6LRY_A
0.9316313259671773,6KFF_H,5H1R_L
0.9251703643652165,6ITC_Y,5EUL_Y
0.9241339131460515,6ZJY_H,4HE8_C
0.9205185049480862,7DYR_B,6K1H_Y
0.919829826682299,5TJ6_A,5TJI_A
0.9186886652526856,4Z7F_E,4Z7F_F
0.9090172221608945,6TD6_A,6TBU_A
0.9036408594064415,6VXZ_A,6VY0_A
0.9035229010905015,6WH4_B,6BQG_A
0.8974644241571178,7DWX_C,6M1D_A
0.8950801959355672,6V3C_B,4TWK_A
0.8933645905873246,4AYX_A,4AYW_A
0.8925213023910857,6KKK_C,6KKI_A
0.8916679532776135,6ZJY_L,4HE8_F
0.8908465318865465,7RD8_A,7RD6_A
0.8887425960827418,6FWF_A,6L3H_A
0.8817639342085256,6E67_A,6PS3_A
0.8816527591599095,4APS_A,5OXL_A
0.8803865478827024,5W3S_B,6AYG_C
0.8720764115096131,7KAL_A,7KAN_A
0.8714456947433942,6QC4_D1,6ZKA_H
0.863621249129541,7BVE_A,7BVH_B
0.857985481445055,4GBR_A,6KR8_A
0.8541199290061483,4V8K_AM,7C9R_M
0.8530592937938503,7NYR_J,3RKO_F
0.8479051359194586,6R3Q_A,6R4O_A
0.8468388465553777,5SV9_A,5SV9_B
0.8436611561483266,4HEA_M,6ZJN_M
0.8419529544892888,5XAM_A,5XAN_B
0.8388954900867267,7A23_I,6X89_2M
0.8357428123855729,5KHS_A,6WU0_B
0.8346156608571306,7C7S_A,7EB2_C
0.8315743163518291,6M49_A,7ETW_A
0.8308408269489477,6UZ8_D,6CUD_C
0.830317870766327,4RP8_A,4RP8_C
0.8291069533243242,6FTI_5,6S7O_A
0.8286313958775272,6ZXR_A,6I6J_A
0.8257536044652561,6ZKM_M,5LC5_M
0.8186817675388326,3S0X_A,3S0X_B
0.8144995726905041,6KXW_B,6N1G_A
0.8139569769782672,6WCC_A,6W8P_A
0.8138596839178214,1FFT_H,6WTI_C
0.8035933080300974,7NYV_L,3RKO_L
0.8033344860924214,5K2D_A,5UIG_A
0.8031625197963349,7KYC_A,7KY6_A
0.8020021601590774,6C9A_B,6C96_A
0.8019107013196639,6OYZ_B,4J72_A
0.8007456471247678,6NWA_v,6KIF_b
0.7997700873541381,6VXO_D,6W6O_A
0.799568984862417,7CR3_B,7CR1_D
0.797459185365835,4K0J_C,4K0E_B
0.796358062156586,6RFQ_1,6GCS_1
0.7936645448207855,6AKF_C,6AKF_G
0.7926301627707012,5UJ9_A,5UJA_A
0.7911526436965893,7MBP_B,7MBQ_B
0.7906418799649957,7N9Z_F,1FFT_F
0.7898335949369549,7LGU_B,7LH3_B
0.7878967011461552,7CM3_A,7CU3_A
0.7857775344930115,6ZKV_N,5LDX_N
0.7820747446247136,2XUT_C,4UVM_A
0.7820218740066643,4HYG_D,4Y6K_C
0.7809574372857039,7BXU_A,7JM6_A
0.7735291090482168,7CAG_A,7CAF_A
0.7720892857270475,5MKF_C,5MKE_A
0.7718923684764416,6V2J_A,1OTS_A
0.7714799606629359,6CNN_D,6CNO_D
0.7699667852137262,4JKV_B,6O3C_A
0.7676098210965147,4CY4_D,4EV6_E
0.7672037141041286,6WJC_A,6ZFZ_A
0.7589175037906638,7D3F_A,6WXV_A
0.7539135865132292,7RTW_A,7P5C_A
0.7505807330689921,1XQF_A,1U77_A
0.7471314204131628,6VQ8_b,6WM4_0
0.7464899967154678,7F3T_B,7N0L_A
0.7386657295051915,6D1W_A,6WB8_C
0.7371618747303503,6XOX_R,5VAI_R
0.7331988040569921,6QKZ_J,7OCA_I
0.7226559738881102,3CHX_F,4PHZ_B
0.722567857265112,7PIJ_B,5M94_A
0.7170974422417414,5KXI_C,6USF_E
0.7098333948031987,6J8J_A,6J8E_A
0.704343261557421,7CZB_A,7CZB_B
0.7032135507942717,6LBH_B,4U9N_A
0.7030409156817449,5LZR_A,6QXA_B
0.7011001645258859,6KQI_A,5U09_A
0.700805868144624,7E71_A,3UG9_A
0.700424768234129,6LI9_D,6YUP_E
0.699642475104481,7OZ1_A,7R8E_B
0.699141066568079,5VMS_A,6V01_G
0.6948981803701495,6LI1_A,6LI0_A
0.6936446281384887,7R87_B,5DO7_D
0.6931904355069952,4HEA_V,6ZJN_N
0.6928355650144595,6NQ2_A,6NQ0_A
0.6927367989269196,6S3S_A,6S3S_D
0.6925231227695242,4XPA_A,6M3Z_A
0.6896981767402729,7A24_H,6X89_1M
0.6819666992424824,6P6I_A,6P6J_A
0.6771491852973522,5VA2_A,7CN1_B
0.67701421447097,5Z62_C,5J4Z_BC
0.6754240065653504,6IQL_A,5WIV_A
0.6742766404315703,4KJR_A,4KJR_B
0.6738993474684748,6PBX_C,5K7L_A
0.6736324507473157,6V6D_A,6M02_F
0.6715339771685939,7NYH_H,7NYV_H
0.6666187370221224,5XEZ_B,5YQZ_R
0.6650557282981863,6FV8_B,6FV6_A
0.6646728480827351,7RJD_K,1P84_C
0.6636632496969375,3KP9_A,4NV2_A
0.6609576430475336,7F1S_R,7O7F_C
0.6607275739192081,7DUW_B,6LVF_B
0.6604033810622938,2VPX_G,2VPZ_C
0.6603519739457149,6PM4_D,6PLV_D
0.6598156859854339,6WI9_R,6WZG_R
0.6555665262871319,6N27_C,6N25_E
0.6536374533829713,7RTM_A,7RTM_B
0.6533181944079427,6XKW_C,1ZRT_C
0.6518352839883195,3KCV_C,3Q7K_J
0.6517669029547333,6VYI_A,6VP0_C
0.6489198504423006,4RWS_A,3OE8_A
0.6466868659190368,6G94_B,4GD3_B
0.646315958890569,2D2C_N,6RQF_A
0.6450422413325236,6IDS_A,6IDR_A
0.6400307439552206,6Q14_5,7AHI_1F
0.6375806245976791,6F36_M,6REB_M
0.6354044599453703,7C9R_L,4V8K_AL
0.6342312808440981,7P5M_B,7RTU_B
0.6329790644224039,4LDS_A,4LDS_B
0.6312895313012057,5TUD_D,6DRX_A
0.6297836230849783,5I20_E,5I20_F
0.6230995109422267,4MQS_A,6OIK_R
0.6180395120110701,5H3O_A,6WEL_B
0.6173595207259321,6LQG_C,5A63_C
0.6125533201389788,6HU9_a,6GIQ_a
0.6087065000997847,4DJH_B,4DKL_A
0.608692336821279,6YJ4_L,6GCS_5
0.6079424951312966,3V5S_A,5HXH_A
0.6075358245301534,3UX4_C,6NSK_D
0.6064650649654092,7EKT_E,7EKI_E
0.6058115439418746,4PY0_A,4NTJ_A
0.6053089958599011,6GCS_4,7B0N_M
0.6043540210568926,7LC3_A,7LC6_A
0.6002996744511315,6BH8_A,4AW6_E
0.5970050643586448,7EW3_R,7C4S_B
0.5921974945888504,6I0D_R,4HEA_J
0.5905415344004032,4HUK_A,5C6P_A
0.5904299390530072,6UZ0_A,7FBS_A
0.5902844277043771,6WHC_R,6WPW_R
0.585037270408444,4IU8_A,4IU9_B
0.5829576569399493,6ZHG_A,6ZHH_F
0.5815439806607219,4ZW9_A,5C65_B
0.5800203492202471,4ATV_C,3FI1_A
0.5787290331174636,5ZTY_A,6KPC_A
0.57644190081553,6G79_S,5V54_B
0.5720494739436012,6NWR_A,6Q3A_A
0.5712768715987,4DXW_B,4DXW_D
0.5704698920876682,5XMJ_C,5XMJ_G
0.5658538061329442,7MC0_A,7MBZ_B
0.5638142144348887,6Y59_C,6Y5B_A
0.5598551499654376,7NKZ_A,7D5I_A
0.556931984621602,3RKO_M,7NYV_M
0.5563324574002249,1YEW_B,6CXH_B
0.5553495136555532,7R87_A,5DO7_C
0.5536086209782701,6WBX_A,6W98_A
0.5478457318342946,6Z3Z_B,6Z3Y_A
0.544854065885107,7DRT_B,7KC4_B
0.5446391809851893,6R69_F,6F2D_F
0.539745090157645,7D7F_A,7D7E_A
0.5379477997717148,6XBL_R,6XBM_R
0.5353574160196236,6OT5_D,6OT2_A
0.5292625487517197,3KLY_E,3KLZ_A
0.527327614791305,6LCP_A,6LCR_A
0.5236872594110438,5U70_A,5U76_A
0.5216345767105373,5B58_B,5B57_A
0.5193262597671502,7N6R_D,7N6Q_C
0.5193242690870983,7NVH_A,7K7M_B
0.519108646892865,4NEF_A,6QF5_B
0.517208514667993,6BW6_A,6FM9_A
0.5169667712124911,6KPF_R,6PT0_R
0.5151665851824295,3M9I_A,1SOR_A
0.5150565123844099,4F35_A,6WU3_A
0.5141332285206098,3WO6_A,3WO7_B
0.5090442226022047,6M1H_A,6LPB_R
0.5075105769743785,7AK6_L,6G72_L
0.5061354728383181,6HWH_b,6ADQ_N
0.5043761142757204,5LID_I,2YOE_E
0.5030913568499212,6P6I_B,6P6J_B
0.5024689557067117,6RFQ_6,6GCS_6
0.5006731006093567,6YKM_A,6YKM_B
0.4960011780653564,4CZ9_A,4CZA_B
0.4938482566630324,6NAV_N,6W8X_V
0.49241953021858115,7KYO_C,7KYP_D
0.49096914471660535,6HWH_V,7RH7_R
0.49014406678401323,5XJ6_A,7CQM_B
0.4899506549557361,6GCS_2,7B0N_N
0.4847520539252501,7LIC_C,7LID_A
0.48236149012994073,5L22_B,5L22_A
0.4764530659715335,5TIN_B,3JAE_D
0.47559252713150835,6PZT_B,7D10_B
0.4744348745164512,4KPP_A,4KPP_B
0.4733114183751412,7JGB_a,7JG9_a
0.4728319049913056,7EZK_D,7MBY_R
0.4721629268330201,7DTC_A,6LQA_B
0.4711410631479311,7DL9_A,7DLA_A
0.4710582626432418,5GPJ_D,4A01_A
0.46910429844120666,7D99_B,7D14_A
0.4679828530408579,5A2O_B,4OH3_B
0.46785936579665244,6EIG_B,6CSO_A
0.46713310456834733,6LML_R,6LMK_R
0.4661493948915222,6KUX_A,6KUY_A
0.46391412991190084,7F4F_R,7F4I_R
0.46269679969260435,2YVX_C,2ZY9_B
0.4621274278839689,3S8F_A,3S3A_A
0.45778544837393176,7P16_A,7P14_A
0.45580097739365455,5BUT_I,4J7C_I
0.45537606024434296,3HFX_A,4M8J_A
0.4549676462890448,7AK6_N,6G72_N
0.45061995983359254,5Z96_D,7D4Q_A
0.4504212677139368,4O9U_B,4O9U_D
0.4495124317410912,6KOE_C,6KOE_G
0.44845018809602766,6XLP_A,6V8Q_A
0.4473977007697047,3RKO_D,7NYR_N
0.44665342218610976,4BGN_A,4BGN_B
0.4462743285069498,6KI1_A,6KI1_B
0.44247659120294786,4TNW_D,4TNV_C
0.44205803766970686,5OGK_C,5OGE_F
0.44142234301462585,6ET5_L,1R2C_L
0.43843861989314686,3RFU_A,4BBJ_A
0.43837645089154254,4TQ4_B,4TQ6_A
0.43773065989047544,6C08_C,6C08_F
0.436144709664066,7F9Z_R,7F9Y_R
0.43610754622709225,6YU2_B,4US4_A
0.4326306889172206,5XJM_A,7C6A_A
0.4305743636384409,6TK1_A,6REW_E
0.4293816318891456,5OFP_A,4PL0_A
0.4285809542940081,6HLL_A,6E59_A
0.4270809480141322,7E9S_A,3WAJ_A
0.426329305814418,6H5A_A,6H59_B
0.4263254581532035,6XBO_A,6OH4_A
0.4232000343958537,6WLV_B,6WM0_A
0.4222253570399274,7K65_A,6MG8_A
0.4198409053715775,1QLE_A,5WEH_A
0.41626013633227277,4IKX_A,4IKW_A
0.41394609856816356,5KC4_A,5KBW_A
0.4130746486318419,1R2C_M,6ET5_M
0.41191033775392644,2WW9_A,2WWA_A
0.41118857914473594,7KGV_A,7KGV_B
0.4099088939510776,6RZ6_A,6RZ8_A
0.4097791476474132,7F73_A,7CXR_B
0.4091002381854279,5KSD_A,5KSD_B
0.40877707620863396,4HTS_A,4B4A_A
0.4067781922933463,6L48_B,6L47_B
0.4056274115612356,6K42_R,6K41_R
0.4045935354430783,6NIY_R,5UZ7_R
0.4040942269679252,5CTG_B,5CTH_C
0.40400050266687904,4TQV_B,4XIG_N
0.40244196799081056,5ZK8_A,5ZKB_A
0.40129837671220864,6DO1_B,6OS2_A
0.4008141909370012,4MYC_B,4MYH_A
0.39821774716059277,6S63_A,2Z55_E
0.3981501331170589,6HDA_B,6SWR_B
0.3979955366069888,5X41_E,5X3X_m
0.39635453971455276,5XU1_M,5XU1_S
0.39511158216581177,7V6Z_A,7V6Y_A
0.39475408185796157,1YMG_A,2B6O_A
0.39381056116558916,6VX6_C,6VX7_E
0.39241268022280223,4DJK_B,4DJI_B
0.39216320718479747,4K5Y_C,4Z9G_A
0.39089415442067793,6KZP_A,6KZO_A
0.3903657655204176,4HG6_A,5EJ1_A
0.386406585857581,5AF1_A,5AID_A
0.3861466050566467,6D27_A,6D26_A
0.38340581165017446,5MM0_A,5MM1_A
0.3763100649934196,2ZZ9_A,2D57_A
0.37620948651546765,4QIM_A,4QIN_A
0.3736678545140148,2B5F_A,4JC6_D
0.37303803912702316,5D91_A,5D92_A
0.3720757580566406,4RYJ_B,4RYQ_A
0.3707205806623097,6SX5_A,6SXG_A
0.3659366615944438,4UC1_C,4UC2_A
0.36415529299339183,4IL3_A,4IL3_B
0.3635998502807489,4KLY_B,4KNF_A
0.3624420385784573,7CRI_A,7CRT_A
0.36120124396641023,6VJZ_B,6VK0_B
0.3563551926735011,6NPH_A,6NPK_A
0.3548084595869935,7CH8_G,7CHA_G
0.3540485726135421,7EW7_D,7EVZ_D
0.35290952045265733,6VQR_E,6VQQ_E
0.3524047335317545,6QIM_A,6QIM_B
0.3502939757042282,6N23_B,5T5N_C
0.3485191297754115,5DYE_A,5DYE_D
0.34479478728683255,6OHT_B,6OHU_A
0.3436347673429036,4XNW_A,4XNV_A
0.343235297836418,7EJ2_F,7EJ1_F
0.34179514043219167,6I1R_B,6I1Z_B
0.3414726616777869,6NBF_R,6NBI_R
0.34011430126821834,4PI0_K,3RFR_K
0.3397545114980104,6VRK_A,6VRL_A
0.33623268190882494,5JWY_A,4PX7_A
0.33555413559583314,5OGL_A,3RCE_A
0.3345268926967221,7LFT_A,7LFY_D
0.33315715813482577,3M6E_A,3ME1_B
0.33147651304801307,7B0O_B,7B0P_A
0.33066871488688687,6WU4_B,6WTW_A
0.32836265164975587,6WJ5_C,6X2J_D
0.32811330419921875,6MHY_J,7JLW_J
0.32685134080376954,6BWF_C,6BWD_A
0.32675638394938167,5W0P_C,5DGY_B
0.32452373132046886,3JAC_B,3JAC_C
0.32399795193225145,4MBS_A,5UIW_A
0.32331863695701946,7CX2_R,7CX3_R
0.3230696364123412,4GRV_A,5T04_A
0.3228572128581352,6S3R_A,6S3R_E
0.3216061467648634,6FMT_A,6FMV_A
0.3209654855248339,6PB0_R,6PB1_P
0.3197986331695504,7LD3_R,6D9H_R
0.3195640498402264,6TPJ_B,6V9S_A
0.3194742713675018,5VBL_B,6KNM_B
0.3189523180814741,7BVG_A,7BVC_A
0.31278378115968364,4K1C_A,4K1C_B
0.3123017344543439,7ABW_A,7ABW_B
0.3121606437231695,4ZUD_A,4YAY_A
0.310754462514304,3TDR_E,3TDR_J
0.30990794998081284,2BS4_C,1E7P_F
0.30946270853076463,6SNH_X,6SNI_X
0.30890428693501587,7CFM_R,7CFN_R
0.3081573864214243,6TQ7_B,6TQ9_B
0.3077276476693374,6CSM_D,7L1E_B
0.30708963804474465,6UY0_A,6BHU_A
0.304997433223033,6A94_B,6A93_B
0.3033087611144362,6RX4_B,6RKO_B
0.30317341317176716,4O9T_D,5UNI_B
0.29976663710678414,6BUI_C,6BUG_D
0.2989446413703263,6KUW_A,6KUW_B
0.2979127492124167,4KE2_B,4KE2_C
0.2948343132270707,6G2J_J,7B93_J
0.2938068854557034,6WF2_B,4ZYO_A
0.29347953546561295,4TQV_I,4XTC_M
0.29342105076319314,5YS8_B,5ZUG_E
0.2907492864668163,6ME6_B,6ME7_A
0.29055023515489364,7MHZ_A,7MHY_A
0.2892850997019973,5C6N_A,4LZ6_A
0.28884315666604476,6IBB_A,6RNK_A
0.2885520826922523,7JSJ_B,7JSK_A
0.2871410213430477,4R1I_A,4R1I_B
0.28680214888501365,5G36_A,1E12_A
0.2861207079872367,6RX4_A,6RKO_A
0.28608151838061957,7D5Q_A,7D5P_B
0.28528193503734656,7C76_B,7C77_B
0.28319546199636847,5AZD_B,5AZD_D
0.28218765475530594,7CMH_B,7CMI_B
0.2817746246216932,4JQ6_B,4JQ6_C
0.28089017361623986,6KOE_A,6KOE_E
0.28071212426266534,4WW3_A,2ZIY_A
0.28037591094472375,6SU4_A,6UH3_A
0.2796215455059462,4Q2G_A,4Q2E_B
0.27916736465561326,2ONJ_A,2HYD_B
0.277436971862793,6USF_A,6USF_D
0.2770937615666623,6OSA_R,6OS9_R
0.2764049154808558,7BYN_A,7BYM_E
0.27554648684165234,5KKH_B,4WAV_B
0.273589426747649,4RI3_A,4RI2_B
0.27174853020218714,3GI8_C,3GIA_A
0.2715723718045538,6LOE_C,6LOD_C
0.27095944946315015,1M56_I,5WEH_C
0.26928678887292007,6TQE_B,6TQF_B
0.2688910484455041,6THA_A,5EQI_A
0.2684612365571498,4CAD_F,4CAD_L
0.26484308946445834,6EBA_A,6E8J_A
0.26326667285419325,2O9F_A,2ABM_C
0.25937521255778373,6ZPL_B,6ZBV_A
0.2549049715036669,6LOE_F,6LOD_F
0.25377537977887044,5WB1_A,5WB2_A
0.2537192318442478,6L3U_C,6L3V_D
0.25369210039474527,6GYN_A,6GYO_B
0.2526462712934915,3NE2_E,2EVU_A
0.25161904225042914,4YMV_C,4YMW_D
0.251241960848202,5UNG_B,5UNH_A
0.24901222126377667,6IYX_A,6IYZ_A
0.2477643513162637,5AEX_I,5AEX_J
0.24628292906316882,7BC6_A,7BC7_A
0.24623148660439462,6IZ4_C,6IZ6_A
0.24613540724359131,6WP8_A,6K6J_A
0.2437985822296913,5LWE_A,5LWE_B
0.24165376275911393,4XES_A,4XEE_A
0.24127426293231263,4OD5_F,4OD4_A
0.24113629091025793,5TSB_A,6PGI_A
0.24083709438533513,6L85_A,6L85_B
0.2405226782198233,3QNQ_A,3QNQ_D
0.23828019512560242,5TQQ_A,5TR1_B
0.23820167746995677,4MVZ_A,4MVQ_B
0.23713612580082033,6RZ4_A,6RZ5_B
0.23688698713250547,7EPE_A,7EPF_A
0.23653807121281392,6IWW_A,6IVA_E
0.23620155529618306,5V7P_A,5VG9_A
0.23557021578936965,3O7Q_A,3O7P_A
0.2346874485776806,5H36_E,5H36_A
0.23463815393136989,6GS1_A,6GS4_A
0.23355156871583635,6LEP_A,6LEO_A
0.23349419526040716,7E2Z_R,7E2Y_R
0.23235601352813523,3PBL_A,3PBL_B
0.23197543027223919,6GZ9_A,6H7U_A
0.23091303702869218,6CSF_M,6CSE_C
0.23032847837073886,6F2G_A,6F2W_A
0.22871831784645716,6OB6_A,6OB7_A
0.22784881004549465,4M58_A,4M5B_A
0.22573189476139438,6WMV_A,6WMV_C
0.22389723028657,4EZD_C,6QD5_A
0.22377251220867037,6DDE_R,6DDF_R
0.22236608344868095,7MIY_A,7MIX_A
0.22213385834617935,7AKX_A,7AKW_B
0.22093011437298685,7CZ9_D,7CZ9_F
0.2200613074785191,5NV9_A,5NVA_A
0.21706995813756724,7CMU_R,7CMV_R
0.21677071022500796,6ME2_A,6PS8_A
0.21569672340069004,4MHW_A,4MES_B
0.21558706122120536,4QUV_A,4QUV_B
0.21526977203074313,5H35_C,5WTR_C
0.2145640108761837,5AZC_A,5AZB_A
0.2114716471235794,6H8K_5,4WZ7_5
0.2114652103450469,4R0C_B,4R0C_D
0.2100840698585938,6HCL_B,6G9X_A
0.20928404246561627,3V2W_A,3V2Y_A
0.2070167722137446,7P2L_A,5CGD_A
0.20681334361237316,1Y5L_C,3EGW_C
0.20520673769749698,2NQ2_A,2NQ2_B
0.20446256320283737,7JN0_H,7JKC_J
0.20359845389131856,4QTN_A,4QTN_C
0.20348673369060535,6LFO_R,6LFM_R
0.20076310572246778,6IIV_A,6IIU_A
0.20029874004463216,7L1V_R,7L1U_R
0.20027175407282963,4Z3N_A,4Z3P_A
0.19837712721909703,3WFB_B,5GUX_B
0.19708653645192653,5ZOV_A,5ZOV_B
0.1950294346773089,7CLJ_A,6IS6_A
0.19464312625805802,3M72_A,4YCR_A
0.19338635865617246,5XJJ_A,5YCK_A
0.19308233820037132,6HD1_B,6HCY_A
0.19288246179361926,4HYJ_A,4HYJ_B
0.18787223325821187,6YXH_A,6G7O_A
0.18782936476193987,7D7Q_A,7D7Q_B
0.18705628953807904,4JR8_A,4PXK_A
0.1868133815696663,6F34_A,5OQT_A
0.1856951595663609,5VRE_A,5VRE_D
0.18372458608829012,7AD3_B,7AD3_A
0.18250933450539655,6H8K_2,4WZ7_2
0.181110786515035,6C8G_A,6C8F_A
0.18021244178304868,7BPU_A,6M31_A
0.17191205661388215,4WZ7_4,6H8K_4
0.1718692799481399,6TDV_F,6TDU_f
0.16777833872289874,6F7H_C,6F7H_D
0.16660089493337504,2ONK_D,2ONK_H
0.16397660379056578,3ZOJ_A,5BN2_A
0.16338292793619225,5F15_A,5EZM_A
0.16295656773779127,6PV7_A,6PV7_D
0.16183827176690102,5JKI_A,6FMX_A
0.16166152282397614,6PE4_A,6PE5_A
0.15725563662374445,4PD5_A,3TIJ_A
0.15684634275761294,4XT1_A,4XT3_A
0.15617717031984304,5I6C_A,5I6C_B
0.15501869549623287,6YTQ_G,6YTK_C
0.15234335769147658,7D77_R,7D76_R
0.15230933673824298,6EYU_A,6EYU_C
0.15101944183602567,4O6Y_B,4O7G_A
0.15092595022997676,6LM0_B,6LM0_C
0.15092524040937425,3AYM_A,3AYM_B
0.15083744356279044,3ND0_A,3Q17_B
0.15083165395013884,1LDF_A,1LDA_A
0.15044827919453382,6ZG3_C,6ZG3_H
0.14949929412351187,4FC4_A,4FC4_F
0.14745293502807616,3ODJ_A,2NR9_A
0.14344888338336237,6C1R_B,6C1Q_B
0.14082472379895608,6RV2_D,6RV4_A
0.14042587301585943,6J21_A,6J20_A
0.1386267103289242,6KLS_E,6KLV_B
0.1382752385795691,7D6X_C,7D6V_C
0.13621652054972436,7E7Z_C,7E7Z_D
0.1326298271041879,5O9H_A,5O9H_B
0.13089522783423568,6SQG_A,6SQG_D
0.12725109225929512,3TX3_A,3TX3_B
0.1222173887203095,4ZR1_A,4ZR1_B
0.12219277915027406,7D3E_B,7D3F_D
0.1190008192930849,6P2R_B,6P25_B
0.11854282905658087,5Y79_A,5Y78_B
0.11809019832764345,6YNZ_A,6YNX_a
0.11754172284349872,6W8U_E,6W8U_m
0.1139813243172695,5NDZ_A,5NDD_A
0.11334262818341091,5ZLG_A,5ZLE_A
0.11017972590791326,6IBL_A,6IBL_B
0.10898217953303281,3RGB_C,3RGB_G
0.10840175117785415,3ZUY_A,3ZUX_A
0.10709292449132361,7P5J_A,7P5J_B
0.10662001285449925,6QZJ_A,6QZI_A
0.10457742120875586,2XQ2_A,2XQ2_B
0.10402329875450879,4DVE_A,4DVE_C
0.10240250821555884,3DDL_A,3DDL_B
0.09938306047213591,6P25_A,6P2R_A
0.09546617236265609,4XU5_A,4XU6_A
0.09379862198416068,2B2J_A,2B2H_A
0.0936230836063518,5M8K_A,6TL2_A
0.09357718018961395,5ZIH_A,5ZIH_B
0.09353726271924251,6D0N_B,6D0K_A
0.09269737687907002,6WLB_A,6WLB_B
0.09097307796963888,5DJQ_D,3MK7_A
0.09088297291420215,3LLQ_A,3LLQ_B
0.08493021342308306,4YZF_A,4YZF_B
0.08441976490987291,6OCE_A,6OCE_B
0.0839166966415054,4TKR_A,4TKR_B
0.08192963605120576,5JSI_A,5JSI_B
0.08055308966463623,7E4G_A,7E4G_B
0.07813394238010368,6LM1_B,6LM1_C
0.07430412793766897,4Z36_A,4Z34_A
0.07382185884130453,4OR2_A,4OR2_B
0.07269783571286033,6GPX_A,6GPX_B
0.06728457824356435,3BHS_A,3B9Z_A
0.06290962388953385,7BMH_A,7BMH_B
0.05248511591576934,3ORG_B,3ORG_C
0.05087819648908385,6Y7F_A,6Y7F_B
0.05000155248441621,5AWZ_A,5AX1_A
0.04958983830273506,6AK3_B,6AK3_A
0.045765428365147263,5UEN_A,5UEN_B
0.04425692527086934,6A2J_A,6IED_A
0.04408291610456872,6Z16_A,6Z16_a
0.039163553265261684,6Z16_D,6Z16_d
0.03855828026311445,3AYF_A,3AYG_A
0.0362361965987308,5IR6_A,5DOQ_A
0.036137364261211904,5DOQ_B,5IR6_B
0.030352591684067984,6BPZ_B,6BPZ_C
0.028871308454677433,7CJ3_A,7CJ3_B
0.020071702693310992,2YEV_A,2YEV_D
0.018090217390519043,6WQZ_C,6WQZ_B
0.017268102399394827,4HTT_A,4HTT_B
0.016598182564563593,4G1U_A,4G1U_B
0.014792901660354373,3DH4_A,3DH4_B
0.014027269305409613,3AM6_A,3AM6_C
0.013430150915923483,3P5N_A,3P5N_B
0.012196220757228185,3J09_A,3J09_B
0.010685976195098727,5ZX5_C,5ZX5_D
0.010315757655639302,6BWI_A,6BWI_B
0.00923374104838778,3B5X_A,3B5X_B
0.007718403821504608,3UKM_C,3UKM_D
0.007258735001685891,6YSN_A,6YSN_B
0.005553567507504876,3D31_C,3D31_D
0.004248901091100898,7AA5_A,7AA5_B
0.003266422398253485,5AN8_C,5AN8_D
0.0023439628908460417,3DIN_C,3DIN_F
0.0012972973008355411,6U8Y_H,6U8Y_h
0.0012393536319357087,6KG7_A,6KG7_C
0.001230959887090205,5SY1_A,5SY1_B
0.0011345199833249166,7D0I_D,7D0I_F
0.001053576359152794,3DL8_G,3DL8_H
0.0010060345338395804,7DYR_C,7DYR_F
0.0008148790810890357,5IOF_A,5IOF_D
0.0008050406495363871,3J9P_A,3J9P_B
0.000792064384181784,2GFP_A,2GFP_B
0.0007894906450219341,6KSW_A,6KSW_B
0.0007787704345130136,6CO7_B,6CO7_D
0.0007524449645154471,6XKZ_n,6XKX_n
0.0007441087439656258,6V1Y_N,6V1Y_P
0.000728059034208274,7BP3_A,7BP3_B
0.0007199339421823632,5XTI_i,5XTC_i
0.0007085910732314826,5XTI_m,5XTC_m
0.0007009662508964538,6JBH_C,6JBH_D
0.0006959394776259763,6Y9B_C,6Y9B_B
0.0006940086260690217,6X62_EX,6X62_KX
0.0006933818092321111,6WHG_B,6WHG_D
0.000688609863054425,6URT_A,6URT_C
0.0006869258359074593,6LOM_A,6LOM_K
0.0006773791906309706,6U8Y_E,6U8Y_e
0.0006660879316088906,7D5K_B,7D5K_C
0.0006635881902834548,6U8Y_X,6U8Y_x
0.0006614821891173045,6UWM_B,6UWM_D
0.000658701935330601,6S3K_B,6S3K_A
0.0006585174529703992,5VKQ_B,5VKQ_C
0.0006565227941229002,7CAL_B,7CAL_C
0.0006524333793745534,6MHQ_H,6MHQ_L
0.000651310400916904,7P4I_A,7P4I_C
0.0006455341882604631,6BBJ_A,6BBJ_D
0.0006447611875167857,6XJH_A,6XJH_B
0.0006443243808975055,6SP2_C,6SP2_F
0.0006410444740443348,7OQZ_B,7OQZ_D
0.000632986510952588,7P34_A,7P34_B
0.0006327901411179803,6M32_A,6M32_a
0.0006304962417809602,6WR4_A,6WR4_C
0.0006076424869490258,6O7W_a,6O7V_a
0.0006072196663457218,6C70_B,6C70_C
0.000599421300715089,6FTI_1,6FTG_1
0.0005965681456857258,7EN0_B,7EN0_C
0.0005945553617364557,1MHS_A,1MHS_B
0.0005846066470535881,6N30_a,6N2D_a
0.0005814739476854556,6U8Y_M,6U8Y_m
0.0005707228158936912,5Z1F_A,5Z1F_B
0.0005635646645624531,6WXU_B,6WXU_D
0.000562436557715073,7JRP_a,7JRO_a
0.0005421944344168842,6BPQ_B,6BPQ_C
0.0005392604566075071,6JBJ_A,6JBJ_B
0.0005389387402146655,5V4S_A,5V4S_C
0.0005373516217420822,7JRP_c,7JRO_c
0.000529123101913506,3J08_A,3J08_B
0.0005086360803827286,6VEJ_B,6VEJ_C
0.0004962013383645661,7DSW_B,7DSW_A
0.00048068425346122076,6CAA_A,6CAA_B
0.0004784941766411066,6V1Q_A,6V1Q_B
0.0004740235490227216,2KSA_A,2KSB_A
0.00047212307927785096,6DU8_C,6DU8_D
0.0004643093121901926,6MEO_B,6MET_B
0.0004268930109142279,6LGP_B,6LGP_D
0.0004245215864229486,7DEG_A,7DEG_D
0.0004060106543821965,6NF4_A,6NF4_B
0.00038076546934062645,6O84_A,6O84_B
0.0003795467773262335,6NF6_A,6NF6_B
0.0003754955305348957,7CH1_A,7CH1_B
1.3712384209838552e-06,7LHV_A,7LHV_B
-1.0,5D56_A,5D56_B
-1.0,4YTP_C,4YXD_C
-1.0,4O9T_A,4O9T_C
-1.0,5DN6_J,5DN6_K
-1.0,5DIR_A,5DIR_B
-1.0,4QE9_A,4HZ3_D
-1.0,4YXD_D,4YTP_D
-1.0,4QNC_A,4QNC_B
-1.0,7DZ7_L,7DZ8_L
-1.0,4ZR0_A,4ZR0_B
-1.0,5CBG_A,5CBG_B
-1.0,4Y28_L,2O01_L
-1.0,4V6M_BB,5MG3_E
-1.0,4O6M_A,4O6M_B
-1.0,5C8J_I,5C8J_J
-1.0,5C2T_D,5C2T_H
-1.0,4RNG_A,4RNG_B
-1.0,5C2T_C,5C2T_G
-1.0,4V1G_A,4V1G_B
-1.0,4X5N_A,4X5N_B
-1.0,4WD7_A,4WD7_B
-1.0,5B2G_A,5B2G_C
-1.0,4WAB_A,4BPM_A
-1.0,5BKF_E,5BKG_E
-1.0,3SYO_A,3SYA_A
-1.0,4LTQ_A,4LTQ_B
-1.0,7M1T_A,7M1T_B
-1.0,3DWW_A,3DWW_B
-1.0,3DL8_E,3DL8_F
-1.0,3CIR_C,3CIR_O
-1.0,7MYZ_C,7MYZ_D
-1.0,2YEV_B,2YEV_E
-1.0,2WLL_B,2WLL_A
-1.0,7NVG_G2,7NVG_H2
-1.0,2WDV_C,2WDV_G
-1.0,2WDR_D,2WDR_H
-1.0,2QKS_A,2QKS_B
-1.0,7NYR_A,3RKO_A
-1.0,2OAU_A,2OAU_B
-1.0,2O01_3,3LW5_3
-1.0,7NYU_K,7NYH_K
-1.0,2MGY_A,2N02_A
-1.0,2M6B_A,2M6I_A
-1.0,7OCF_G,7OCF_E
-1.0,2LOP_A,2LOO_A
-1.0,2LLY_A,2LM2_A
-1.0,2K73_A,2K74_A
-1.0,2E74_B,4H44_B
-1.0,2DB4_A,2DB4_B
-1.0,2BG9_A,2BG9_D
-1.0,2A9H_A,2A9H_B
-1.0,7RH6_S,7RH6_X
-1.0,1YQ5_A,1YQ5_B
-1.0,1YQ4_C,1YQ3_C
-1.0,1OED_A,1OED_D
-1.0,1KQG_C,1KQF_C
-1.0,3EFF_K,3EFF_L
-1.0,7LZI_A,7LZI_B
-1.0,4LCU_C,3OGC_C
-1.0,7LX0_U,7LX0_l
-1.0,4L6V_F,4L6V_f
-1.0,4HW9_A,4HW9_B
-1.0,4H33_A,4H37_A
-1.0,4GX1_A,4GX1_B
-1.0,4G80_S,4G80_T
-1.0,4G7Y_S,4G7V_S
-1.0,4F4L_A,4F4L_B
-1.0,4BOO_C,4BOT_C
-1.0,4BOO_A,4BOO_D
-1.0,4BOG_3,4BOG_E
-1.0,4AQ9_B,4BOI_B
-1.0,7KAN_D,7KAM_D
-1.0,3ZK1_A,3ZK1_B
-1.0,3X29_A,3X29_C
-1.0,3VOU_A,3VOU_B
-1.0,7KRA_F,6WB9_6
-1.0,7KS0_A,7KS0_C
-1.0,7KS3_B,7KS3_D
-1.0,7KYA_B,7KY9_B
-1.0,3T9N_A,3T9N_B
-1.0,5I9K_A,5IA9_A
-1.0,3SPI_A,3SPC_A
-1.0,3SFD_D,3AE6_D
-1.0,3K06_A,3K06_B
-1.0,7LDD_E,7LDD_F
-1.0,7LEP_C,7LEP_B
-1.0,7LEP_G,7LEP_H
-1.0,3FB5_C,4UUJ_C
-1.0,3EHB_B,1AR1_B
-1.0,5GUP_j,6ZKU_A
-1.0,6SL5_L,6ZZY_L
-1.0,7D65_A,7D65_B
-1.0,6LYP_A,6LYP_B
-1.0,6LCP_B,6LCR_B
-1.0,6LMW_A,6LMW_B
-1.0,6LUM_C,6LUM_G
-1.0,6LUM_D,6LUM_H
-1.0,6LUQ_A,6CM4_A
-1.0,6LYG_A,6LYG_B
-1.0,6M04_A,6M04_B
-1.0,6VJA_C,6VJA_D
-1.0,6M4O_A,7CQI_A
-1.0,6VXM_A,6VXM_B
-1.0,6M6Z_A,6M6Z_B
-1.0,6M97_A,6M98_A
-1.0,6VPV_L,6VPV_l
-1.0,6NBQ_E,6L7O_E
-1.0,6L6F_A,6L6F_B
-1.0,6KSP_A,6KSP_B
-1.0,6KMW_aL,6KMW_bL
-1.0,6WK5_B,6WK5_A
-1.0,6KIG_L,6KIG_V
-1.0,6KIG_F,6KIG_R
-1.0,6KHI_C,6TJV_C
-1.0,6K61_L,6K61_l
-1.0,6JPB_E,7JPL_E
-1.0,6WV5_A,6WV6_A
-1.0,6WVG_A,6WVG_B
-1.0,6X3S_A,6X3S_C
-1.0,6X3S_E,6X40_E
-1.0,6X40_B,6X40_D
-1.0,6IU3_A,6IU4_A
-1.0,6IJJ_L,6IJO_L
-1.0,6IJJ_6,6IJO_6
-1.0,6NBY_G,6L7P_G
-1.0,6VGI_A,6VGI_B
-1.0,5JJE_B,5JJF_B
-1.0,6RYP_A,6RYO_A
-1.0,6R6B_I,6R6B_G
-1.0,6R7D_A,6R7D_B
-1.0,6TMG_k,6TMG_K
-1.0,6RE1_A,6RE1_B
-1.0,6TE0_O,6TE0_P
-1.0,6RFR_3,6YJ4_A
-1.0,6TCL_L,6TCL_LL
-1.0,6VD7_A,6VD7_B
-1.0,6S3L_G,6S3L_H
-1.0,6S3R_G,6S3R_H
-1.0,6SSU_A,6SSU_B
-1.0,6S7O_D,6S7T_D
-1.0,6SO5_E,6SO5_F
-1.0,6SO5_C,6SO5_D
-1.0,6Q8X_K,6Q8X_S
-1.0,6U8Y_A,6U8Y_a
-1.0,6U8Y_C,6U8Y_c
-1.0,6U8Y_D,6U8Y_d
-1.0,6U8Y_G,6U8Y_g
-1.0,6PV8_B,6PV8_C
-1.0,6OV3_A,6OV2_A
-1.0,6OQS_I,6OQS_J
-1.0,6O9U_A,2WLI_A
-1.0,6UZV_L,6UZV_l
-1.0,6UZY_A,6UZY_B
-1.0,6O00_A,6O00_B
-1.0,6V4A_A,6V4A_E
-1.0,6NT5_A,6NT5_B
-1.0,6VAK_A,6VAK_B
-1.0,6VAL_A,6VAL_B
-1.0,6VAM_A,6VAM_B
-1.0,6IC4_A,6IC4_B
-1.0,6HWH_X,6HWH_S
-1.0,6HUO_B,6HUO_E
-1.0,5ZJI_L,2WSF_L
-1.0,5WS4_A,5WS4_B
-1.0,5WSN_A,5WSN_C
-1.0,5WUA_A,5WUA_B
-1.0,5X3X_Q,5X3X_q
-1.0,6S7T_F,6S7O_F
-1.0,5ZFV_A,5ZFV_B
-1.0,7ARH_E,7ARL_E
-1.0,6HUK_A,6HUK_D
-1.0,6ADQ_A,6ADQ_M
-1.0,7AK6_K,6G2J_K
-1.0,7AJQ_A,7AJQ_B
-1.0,6B24_A,6B24_B
-1.0,6BHP_A,6BHP_B
-1.0,6BMN_A,6BMN_B
-1.0,5W7L_A,5W7L_B
-1.0,5VPN_D,5VPN_H
-1.0,5VOV_E,5VOV_F
-1.0,7CFG_A,7CFF_A
-1.0,5UN1_G,5UN1_A
-1.0,5UN1_B,5UN1_H
-1.0,5TCX_A,7JIC_B
-1.0,5NKQ_A,5NKQ_B
-1.0,5NIL_J,5NIL_K
-1.0,7COY_aL,7COY_bL
-1.0,5LQZ_Y,5LQY_Y
-1.0,5LJ6_A,5LJ7_A
-1.0,5LDX_Z,5O31_Z
-1.0,5LDX_h,5LDW_h
-1.0,7CUQ_D,7N9Z_I
-1.0,5KXI_A,5KXI_D
-1.0,5KBN_A,5KBN_B
-1.0,6BMS_A,6BMS_D
-1.0,7A46_A,7A46_B
-1.0,7A24_K,6X89_4L
-1.0,6FOS_L,5ZGB_L
-1.0,6HUG_C,6HUK_C
-1.0,6HJY_B,6HJY_C
-1.0,6Y79_L,6RFS_L
-1.0,6HJA_A,6HJA_B
-1.0,6Y86_A,5Y83_A
-1.0,6Y9A_A,6Y9A_B
-1.0,6HIY_CL,6HIW_CL
-1.0,6G72_Y,6ZR2_Y
-1.0,6YSF_E,6YSF_C
-1.0,6YSL_G,6YSL_F
-1.0,6G2J_A,7B93_A
-1.0,6YTX_A,6YTX_B
-1.0,6YV8_A,6YV9_B
-1.0,6FTG_3,6FTJ_3
-1.0,6FLI_A,6FLI_B
-1.0,7A24_J,7A23_J
-1.0,6Z16_B,6Z16_b
-1.0,6Z16_C,6Z16_c
-1.0,6Z16_F,6Z16_f
-1.0,6Z16_G,6Z16_g
-1.0,6Z3W_F,6WW7_F
-1.0,6EZN_H,6C26_C
-1.0,6EZN_C,6C26_3
-1.0,6EZN_B,6C26_2
-1.0,6ZJL_A,6Q8X_A
-1.0,6CXH_C,7EV9_C
-1.0,6ZKU_K,6QBX_4L
-1.0,7A23_N,6X89_6M
-1.0,6C3O_A,6C3O_C
-1.0,6C14_B,6C14_D
-1.0,1C8S_A,1L0M_A
