n_contacts_long,n_contacts_medium,n_contacts_short,n_contacts_all,the number of residues
354/178/108,54/4/8,30/6/6,438/188/122,258
620/176/274,108/8/24,32/22/14,760/206/312,322
172/136/48,12/18/0,10/0/0,194/154/48,141
134/122/88,6/8/2,20/6/6,160/136/96,162
592/248/132,78/2/8,36/10/6,704/260/144,277
130/46/16,8/2/0,0/0/0,138/48/16,89
190/148/40,8/4/0,2/8/0,200/160/40,130
242/268/174,56/24/16,20/4/8,276/276/188,177
730/238/316,78/10/18,38/6/22,826/252/356,329
792/156/184,130/6/10,78/6/12,1000/168/206,305
164/54/34,0/0/0,2/0/0,166/54/34,84
624/150/160,96/30/6,26/6/4,736/184/170,264
700/182/190,92/8/22,40/4/6,832/194/218,290
400/392/266,20/46/30,6/20/2,426/458/298,272
610/268/114,52/6/10,14/2/2,672/276/126,265
740/208/244,96/22/18,18/6/4,850/236/266,262
